"Classroom","Intercept_se","Gender_Female_se","HISEI_se","Rho_Network_se"
"01",43.6802525552267,8.63117415990013,0.294844957734757,0.66609101984829
"02",21.612530436561,9.43988769549561,0.289792341724316,0.318148058825782
"03",20.059086196871,13.6111080796389,0.26777666582084,0.456356107578372
"04",31.6929811309407,12.6306755824024,0.433242386070891,0.36285583566584
"05",34.3098303070292,5.93357520071357,0.238664326943423,0.507074299704258
"09",34.6109244182049,13.1854872522394,0.353409141736069,0.446112898263783
"10",24.0780548747643,7.37920147350647,0.236716847401839,0.428312059518639
"12",30.9419969898088,7.76220542334143,0.209179288621774,0.696470106489637
