"p_tie_diff_gender","p_tie_same_gender","odds_ratio_same_vs_diff"
0.00660469670142216,0.0472648752399234,7.46166183121637
