"pair","jaccard","edges_t1","edges_t2","n"
"wave1-wave2",0.303649635036496,448,445,129
"wave2-wave3",0.350668647845468,445,464,129
"wave1-wave3",0.234100135317997,448,464,129
